"release_date","Artist","Popularity"
2000-03-21,"Black Eyed Peas",0
2000-03-21,"Britney Spears",0
2000-03-21,"Coldplay",0
2000-03-21,"Don Omar",0
2000-03-21,"Eminem",0
2000-03-21,"Kanye West",0
2000-03-21,"Nickelback",0
2000-03-21,"Rihanna",0
2000-03-21,"Seether",0
2000-03-21,"Shakira",0
2002-11-12,"Black Eyed Peas",0
2002-11-12,"Britney Spears",0
2002-11-12,"Coldplay",0
2002-11-12,"Don Omar",0
2002-11-12,"Eminem",0
2002-11-12,"Kanye West",0
2002-11-12,"Nickelback",0
2002-11-12,"Rihanna",0
2002-11-12,"Seether",0
2002-11-12,"Shakira",0
NA,"Black Eyed Peas",0
NA,"Britney Spears",0
NA,"Coldplay",0
NA,"Don Omar",0
NA,"Eminem",0
NA,"Kanye West",0
NA,"Nickelback",0
NA,"Rihanna",0
NA,"Seether",0
NA,"Shakira",76
2001-06-19,"Black Eyed Peas",0
2001-06-19,"Britney Spears",0
2001-06-19,"Coldplay",0
2001-06-19,"Don Omar",0
2001-06-19,"Eminem",0
2001-06-19,"Kanye West",0
2001-06-19,"Nickelback",0
2001-06-19,"Rihanna",0
2001-06-19,"Seether",0
2001-06-19,"Shakira",0
2003-02-06,"Black Eyed Peas",0
2003-02-06,"Britney Spears",0
2003-02-06,"Coldplay",0
2003-02-06,"Don Omar",0
2003-02-06,"Eminem",0
2003-02-06,"Kanye West",0
2003-02-06,"Nickelback",0
2003-02-06,"Rihanna",0
2003-02-06,"Seether",0
2003-02-06,"Shakira",0
2005-03-03,"Black Eyed Peas",0
2005-03-03,"Britney Spears",0
2005-03-03,"Coldplay",0
2005-03-03,"Don Omar",0
2005-03-03,"Eminem",0
2005-03-03,"Kanye West",0
2005-03-03,"Nickelback",0
2005-03-03,"Rihanna",0
2005-03-03,"Seether",0
2005-03-03,"Shakira",0
2000-01-01,"Black Eyed Peas",0
2000-01-01,"Britney Spears",0
2000-01-01,"Coldplay",0
2000-01-01,"Don Omar",0
2000-01-01,"Eminem",0
2000-01-01,"Kanye West",0
2000-01-01,"Nickelback",0
2000-01-01,"Rihanna",0
2000-01-01,"Seether",0
2000-01-01,"Shakira",0
2001-07-07,"Black Eyed Peas",0
2001-07-07,"Britney Spears",0
2001-07-07,"Coldplay",0
2001-07-07,"Don Omar",0
2001-07-07,"Eminem",0
2001-07-07,"Kanye West",0
2001-07-07,"Nickelback",0
2001-07-07,"Rihanna",0
2001-07-07,"Seether",0
2001-07-07,"Shakira",0
2002-12-10,"Black Eyed Peas",0
2002-12-10,"Britney Spears",0
2002-12-10,"Coldplay",0
2002-12-10,"Don Omar",0
2002-12-10,"Eminem",0
2002-12-10,"Kanye West",0
2002-12-10,"Nickelback",0
2002-12-10,"Rihanna",0
2002-12-10,"Seether",0
2002-12-10,"Shakira",0
2008-01-28,"Black Eyed Peas",0
2008-01-28,"Britney Spears",0
2008-01-28,"Coldplay",0
2008-01-28,"Don Omar",0
2008-01-28,"Eminem",0
2008-01-28,"Kanye West",0
2008-01-28,"Nickelback",0
2008-01-28,"Rihanna",0
2008-01-28,"Seether",0
2008-01-28,"Shakira",0
2006-06-06,"Black Eyed Peas",0
2006-06-06,"Britney Spears",0
2006-06-06,"Coldplay",0
2006-06-06,"Don Omar",0
2006-06-06,"Eminem",0
2006-06-06,"Kanye West",0
2006-06-06,"Nickelback",0
2006-06-06,"Rihanna",0
2006-06-06,"Seether",0
2006-06-06,"Shakira",0
2001-08-28,"Black Eyed Peas",0
2001-08-28,"Britney Spears",0
2001-08-28,"Coldplay",0
2001-08-28,"Don Omar",0
2001-08-28,"Eminem",0
2001-08-28,"Kanye West",0
2001-08-28,"Nickelback",0
2001-08-28,"Rihanna",0
2001-08-28,"Seether",0
2001-08-28,"Shakira",0
2006-01-01,"Black Eyed Peas",0
2006-01-01,"Britney Spears",0
2006-01-01,"Coldplay",0
2006-01-01,"Don Omar",79
2006-01-01,"Eminem",0
2006-01-01,"Kanye West",0
2006-01-01,"Nickelback",0
2006-01-01,"Rihanna",0
2006-01-01,"Seether",0
2006-01-01,"Shakira",0
2000-10-01,"Black Eyed Peas",0
2000-10-01,"Britney Spears",0
2000-10-01,"Coldplay",0
2000-10-01,"Don Omar",0
2000-10-01,"Eminem",0
2000-10-01,"Kanye West",0
2000-10-01,"Nickelback",0
2000-10-01,"Rihanna",0
2000-10-01,"Seether",0
2000-10-01,"Shakira",0
2001-06-05,"Black Eyed Peas",0
2001-06-05,"Britney Spears",0
2001-06-05,"Coldplay",0
2001-06-05,"Don Omar",0
2001-06-05,"Eminem",0
2001-06-05,"Kanye West",0
2001-06-05,"Nickelback",0
2001-06-05,"Rihanna",0
2001-06-05,"Seether",0
2001-06-05,"Shakira",0
2003-12-02,"Black Eyed Peas",0
2003-12-02,"Britney Spears",0
2003-12-02,"Coldplay",0
2003-12-02,"Don Omar",0
2003-12-02,"Eminem",0
2003-12-02,"Kanye West",0
2003-12-02,"Nickelback",0
2003-12-02,"Rihanna",0
2003-12-02,"Seether",0
2003-12-02,"Shakira",0
2001-01-01,"Black Eyed Peas",0
2001-01-01,"Britney Spears",0
2001-01-01,"Coldplay",0
2001-01-01,"Don Omar",0
2001-01-01,"Eminem",0
2001-01-01,"Kanye West",0
2001-01-01,"Nickelback",0
2001-01-01,"Rihanna",0
2001-01-01,"Seether",0
2001-01-01,"Shakira",0
2007-09-25,"Black Eyed Peas",0
2007-09-25,"Britney Spears",0
2007-09-25,"Coldplay",0
2007-09-25,"Don Omar",0
2007-09-25,"Eminem",0
2007-09-25,"Kanye West",0
2007-09-25,"Nickelback",0
2007-09-25,"Rihanna",0
2007-09-25,"Seether",0
2007-09-25,"Shakira",0
2001-10-22,"Black Eyed Peas",0
2001-10-22,"Britney Spears",0
2001-10-22,"Coldplay",0
2001-10-22,"Don Omar",0
2001-10-22,"Eminem",0
2001-10-22,"Kanye West",0
2001-10-22,"Nickelback",0
2001-10-22,"Rihanna",0
2001-10-22,"Seether",0
2001-10-22,"Shakira",0
2007-04-24,"Black Eyed Peas",0
2007-04-24,"Britney Spears",0
2007-04-24,"Coldplay",0
2007-04-24,"Don Omar",0
2007-04-24,"Eminem",0
2007-04-24,"Kanye West",0
2007-04-24,"Nickelback",0
2007-04-24,"Rihanna",0
2007-04-24,"Seether",0
2007-04-24,"Shakira",0
2002-01-01,"Black Eyed Peas",0
2002-01-01,"Britney Spears",0
2002-01-01,"Coldplay",0
2002-01-01,"Don Omar",0
2002-01-01,"Eminem",0
2002-01-01,"Kanye West",0
2002-01-01,"Nickelback",0
2002-01-01,"Rihanna",0
2002-01-01,"Seether",67
2002-01-01,"Shakira",0
2003-01-01,"Black Eyed Peas",0
2003-01-01,"Britney Spears",0
2003-01-01,"Coldplay",0
2003-01-01,"Don Omar",83
2003-01-01,"Eminem",0
2003-01-01,"Kanye West",0
2003-01-01,"Nickelback",0
2003-01-01,"Rihanna",0
2003-01-01,"Seether",0
2003-01-01,"Shakira",0
2002-11-17,"Black Eyed Peas",0
2002-11-17,"Britney Spears",0
2002-11-17,"Coldplay",0
2002-11-17,"Don Omar",0
2002-11-17,"Eminem",0
2002-11-17,"Kanye West",0
2002-11-17,"Nickelback",0
2002-11-17,"Rihanna",0
2002-11-17,"Seether",0
2002-11-17,"Shakira",0
2002-06-01,"Black Eyed Peas",0
2002-06-01,"Britney Spears",0
2002-06-01,"Coldplay",0
2002-06-01,"Don Omar",0
2002-06-01,"Eminem",0
2002-06-01,"Kanye West",0
2002-06-01,"Nickelback",0
2002-06-01,"Rihanna",0
2002-06-01,"Seether",0
2002-06-01,"Shakira",0
2005-04-26,"Black Eyed Peas",0
2005-04-26,"Britney Spears",0
2005-04-26,"Coldplay",0
2005-04-26,"Don Omar",0
2005-04-26,"Eminem",0
2005-04-26,"Kanye West",0
2005-04-26,"Nickelback",0
2005-04-26,"Rihanna",0
2005-04-26,"Seether",0
2005-04-26,"Shakira",0
2009-06-09,"Black Eyed Peas",0
2009-06-09,"Britney Spears",0
2009-06-09,"Coldplay",0
2009-06-09,"Don Omar",0
2009-06-09,"Eminem",0
2009-06-09,"Kanye West",0
2009-06-09,"Nickelback",0
2009-06-09,"Rihanna",0
2009-06-09,"Seether",0
2009-06-09,"Shakira",0
2002-06-04,"Black Eyed Peas",0
2002-06-04,"Britney Spears",0
2002-06-04,"Coldplay",0
2002-06-04,"Don Omar",0
2002-06-04,"Eminem",0
2002-06-04,"Kanye West",0
2002-06-04,"Nickelback",0
2002-06-04,"Rihanna",0
2002-06-04,"Seether",0
2002-06-04,"Shakira",0
2007-04-17,"Black Eyed Peas",0
2007-04-17,"Britney Spears",0
2007-04-17,"Coldplay",0
2007-04-17,"Don Omar",0
2007-04-17,"Eminem",0
2007-04-17,"Kanye West",0
2007-04-17,"Nickelback",0
2007-04-17,"Rihanna",0
2007-04-17,"Seether",0
2007-04-17,"Shakira",0
2010-04-27,"Black Eyed Peas",0
2010-04-27,"Britney Spears",0
2010-04-27,"Coldplay",0
2010-04-27,"Don Omar",0
2010-04-27,"Eminem",0
2010-04-27,"Kanye West",0
2010-04-27,"Nickelback",0
2010-04-27,"Rihanna",0
2010-04-27,"Seether",0
2010-04-27,"Shakira",0
2003-06-24,"Black Eyed Peas",81
2003-06-24,"Britney Spears",0
2003-06-24,"Coldplay",0
2003-06-24,"Don Omar",0
2003-06-24,"Eminem",0
2003-06-24,"Kanye West",0
2003-06-24,"Nickelback",0
2003-06-24,"Rihanna",0
2003-06-24,"Seether",0
2003-06-24,"Shakira",0
2004-04-20,"Black Eyed Peas",0
2004-04-20,"Britney Spears",0
2004-04-20,"Coldplay",0
2004-04-20,"Don Omar",0
2004-04-20,"Eminem",0
2004-04-20,"Kanye West",0
2004-04-20,"Nickelback",0
2004-04-20,"Rihanna",0
2004-04-20,"Seether",0
2004-04-20,"Shakira",0
2005-01-01,"Black Eyed Peas",70
2005-01-01,"Britney Spears",0
2005-01-01,"Coldplay",0
2005-01-01,"Don Omar",0
2005-01-01,"Eminem",0
2005-01-01,"Kanye West",0
2005-01-01,"Nickelback",0
2005-01-01,"Rihanna",0
2005-01-01,"Seether",71
2005-01-01,"Shakira",0
2009-01-01,"Black Eyed Peas",73
2009-01-01,"Britney Spears",0
2009-01-01,"Coldplay",0
2009-01-01,"Don Omar",0
2009-01-01,"Eminem",0
2009-01-01,"Kanye West",0
2009-01-01,"Nickelback",0
2009-01-01,"Rihanna",0
2009-01-01,"Seether",0
2009-01-01,"Shakira",0
2010-01-01,"Black Eyed Peas",79
2010-01-01,"Britney Spears",0
2010-01-01,"Coldplay",0
2010-01-01,"Don Omar",81
2010-01-01,"Eminem",0
2010-01-01,"Kanye West",0
2010-01-01,"Nickelback",0
2010-01-01,"Rihanna",82
2010-01-01,"Seether",0
2010-01-01,"Shakira",0
2001-07-31,"Black Eyed Peas",0
2001-07-31,"Britney Spears",0
2001-07-31,"Coldplay",0
2001-07-31,"Don Omar",0
2001-07-31,"Eminem",0
2001-07-31,"Kanye West",0
2001-07-31,"Nickelback",0
2001-07-31,"Rihanna",0
2001-07-31,"Seether",0
2001-07-31,"Shakira",0
2003-11-01,"Black Eyed Peas",0
2003-11-01,"Britney Spears",0
2003-11-01,"Coldplay",0
2003-11-01,"Don Omar",0
2003-11-01,"Eminem",0
2003-11-01,"Kanye West",0
2003-11-01,"Nickelback",0
2003-11-01,"Rihanna",0
2003-11-01,"Seether",0
2003-11-01,"Shakira",0
2004-01-01,"Black Eyed Peas",0
2004-01-01,"Britney Spears",0
2004-01-01,"Coldplay",0
2004-01-01,"Don Omar",0
2004-01-01,"Eminem",0
2004-01-01,"Kanye West",0
2004-01-01,"Nickelback",0
2004-01-01,"Rihanna",0
2004-01-01,"Seether",71
2004-01-01,"Shakira",0
2010-04-20,"Black Eyed Peas",0
2010-04-20,"Britney Spears",0
2010-04-20,"Coldplay",0
2010-04-20,"Don Omar",0
2010-04-20,"Eminem",0
2010-04-20,"Kanye West",0
2010-04-20,"Nickelback",0
2010-04-20,"Rihanna",0
2010-04-20,"Seether",0
2010-04-20,"Shakira",0
2008-02-19,"Black Eyed Peas",0
2008-02-19,"Britney Spears",0
2008-02-19,"Coldplay",0
2008-02-19,"Don Omar",0
2008-02-19,"Eminem",0
2008-02-19,"Kanye West",0
2008-02-19,"Nickelback",0
2008-02-19,"Rihanna",0
2008-02-19,"Seether",0
2008-02-19,"Shakira",0
2009-01-20,"Black Eyed Peas",0
2009-01-20,"Britney Spears",0
2009-01-20,"Coldplay",0
2009-01-20,"Don Omar",0
2009-01-20,"Eminem",0
2009-01-20,"Kanye West",0
2009-01-20,"Nickelback",0
2009-01-20,"Rihanna",0
2009-01-20,"Seether",0
2009-01-20,"Shakira",0
2009-10-09,"Black Eyed Peas",0
2009-10-09,"Britney Spears",0
2009-10-09,"Coldplay",0
2009-10-09,"Don Omar",0
2009-10-09,"Eminem",0
2009-10-09,"Kanye West",0
2009-10-09,"Nickelback",0
2009-10-09,"Rihanna",0
2009-10-09,"Seether",0
2009-10-09,"Shakira",0
2000-05-16,"Black Eyed Peas",0
2000-05-16,"Britney Spears",80
2000-05-16,"Coldplay",0
2000-05-16,"Don Omar",0
2000-05-16,"Eminem",0
2000-05-16,"Kanye West",0
2000-05-16,"Nickelback",0
2000-05-16,"Rihanna",0
2000-05-16,"Seether",0
2000-05-16,"Shakira",0
2003-11-13,"Black Eyed Peas",0
2003-11-13,"Britney Spears",83
2003-11-13,"Coldplay",0
2003-11-13,"Don Omar",0
2003-11-13,"Eminem",0
2003-11-13,"Kanye West",0
2003-11-13,"Nickelback",0
2003-11-13,"Rihanna",0
2003-11-13,"Seether",0
2003-11-13,"Shakira",0
2007-10-25,"Black Eyed Peas",0
2007-10-25,"Britney Spears",81
2007-10-25,"Coldplay",0
2007-10-25,"Don Omar",0
2007-10-25,"Eminem",0
2007-10-25,"Kanye West",0
2007-10-25,"Nickelback",0
2007-10-25,"Rihanna",0
2007-10-25,"Seether",0
2007-10-25,"Shakira",0
2008-12-02,"Black Eyed Peas",0
2008-12-02,"Britney Spears",76.5
2008-12-02,"Coldplay",0
2008-12-02,"Don Omar",0
2008-12-02,"Eminem",0
2008-12-02,"Kanye West",0
2008-12-02,"Nickelback",0
2008-12-02,"Rihanna",0
2008-12-02,"Seether",0
2008-12-02,"Shakira",0
2003-07-15,"Black Eyed Peas",0
2003-07-15,"Britney Spears",0
2003-07-15,"Coldplay",0
2003-07-15,"Don Omar",0
2003-07-15,"Eminem",0
2003-07-15,"Kanye West",0
2003-07-15,"Nickelback",0
2003-07-15,"Rihanna",0
2003-07-15,"Seether",0
2003-07-15,"Shakira",0
2009-09-08,"Black Eyed Peas",0
2009-09-08,"Britney Spears",0
2009-09-08,"Coldplay",0
2009-09-08,"Don Omar",0
2009-09-08,"Eminem",0
2009-09-08,"Kanye West",0
2009-09-08,"Nickelback",0
2009-09-08,"Rihanna",0
2009-09-08,"Seether",0
2009-09-08,"Shakira",0
2010-10-05,"Black Eyed Peas",0
2010-10-05,"Britney Spears",0
2010-10-05,"Coldplay",0
2010-10-05,"Don Omar",0
2010-10-05,"Eminem",0
2010-10-05,"Kanye West",0
2010-10-05,"Nickelback",0
2010-10-05,"Rihanna",0
2010-10-05,"Seether",0
2010-10-05,"Shakira",0
2009-03-24,"Black Eyed Peas",0
2009-03-24,"Britney Spears",0
2009-03-24,"Coldplay",0
2009-03-24,"Don Omar",0
2009-03-24,"Eminem",0
2009-03-24,"Kanye West",0
2009-03-24,"Nickelback",0
2009-03-24,"Rihanna",0
2009-03-24,"Seether",0
2009-03-24,"Shakira",0
2005-11-14,"Black Eyed Peas",0
2005-11-14,"Britney Spears",0
2005-11-14,"Coldplay",0
2005-11-14,"Don Omar",0
2005-11-14,"Eminem",0
2005-11-14,"Kanye West",0
2005-11-14,"Nickelback",0
2005-11-14,"Rihanna",0
2005-11-14,"Seether",0
2005-11-14,"Shakira",0
2006-08-07,"Black Eyed Peas",0
2006-08-07,"Britney Spears",0
2006-08-07,"Coldplay",0
2006-08-07,"Don Omar",0
2006-08-07,"Eminem",0
2006-08-07,"Kanye West",0
2006-08-07,"Nickelback",0
2006-08-07,"Rihanna",0
2006-08-07,"Seether",0
2006-08-07,"Shakira",0
2004-03-02,"Black Eyed Peas",0
2004-03-02,"Britney Spears",0
2004-03-02,"Coldplay",0
2004-03-02,"Don Omar",0
2004-03-02,"Eminem",0
2004-03-02,"Kanye West",0
2004-03-02,"Nickelback",0
2004-03-02,"Rihanna",0
2004-03-02,"Seether",0
2004-03-02,"Shakira",0
2008-04-29,"Black Eyed Peas",0
2008-04-29,"Britney Spears",0
2008-04-29,"Coldplay",0
2008-04-29,"Don Omar",0
2008-04-29,"Eminem",0
2008-04-29,"Kanye West",0
2008-04-29,"Nickelback",0
2008-04-29,"Rihanna",0
2008-04-29,"Seether",0
2008-04-29,"Shakira",0
2004-09-27,"Black Eyed Peas",0
2004-09-27,"Britney Spears",0
2004-09-27,"Coldplay",0
2004-09-27,"Don Omar",0
2004-09-27,"Eminem",0
2004-09-27,"Kanye West",0
2004-09-27,"Nickelback",0
2004-09-27,"Rihanna",0
2004-09-27,"Seether",0
2004-09-27,"Shakira",0
2007-01-01,"Black Eyed Peas",0
2007-01-01,"Britney Spears",0
2007-01-01,"Coldplay",0
2007-01-01,"Don Omar",0
2007-01-01,"Eminem",0
2007-01-01,"Kanye West",0
2007-01-01,"Nickelback",0
2007-01-01,"Rihanna",71.5
2007-01-01,"Seether",76
2007-01-01,"Shakira",0
2000-07-10,"Black Eyed Peas",0
2000-07-10,"Britney Spears",0
2000-07-10,"Coldplay",88
2000-07-10,"Don Omar",0
2000-07-10,"Eminem",0
2000-07-10,"Kanye West",0
2000-07-10,"Nickelback",0
2000-07-10,"Rihanna",0
2000-07-10,"Seether",0
2000-07-10,"Shakira",0
2002-08-08,"Black Eyed Peas",0
2002-08-08,"Britney Spears",0
2002-08-08,"Coldplay",84
2002-08-08,"Don Omar",0
2002-08-08,"Eminem",0
2002-08-08,"Kanye West",0
2002-08-08,"Nickelback",0
2002-08-08,"Rihanna",0
2002-08-08,"Seether",0
2002-08-08,"Shakira",0
2005-06-07,"Black Eyed Peas",0
2005-06-07,"Britney Spears",0
2005-06-07,"Coldplay",84
2005-06-07,"Don Omar",0
2005-06-07,"Eminem",0
2005-06-07,"Kanye West",0
2005-06-07,"Nickelback",0
2005-06-07,"Rihanna",0
2005-06-07,"Seether",0
2005-06-07,"Shakira",0
2008-05-26,"Black Eyed Peas",0
2008-05-26,"Britney Spears",0
2008-05-26,"Coldplay",87
2008-05-26,"Don Omar",0
2008-05-26,"Eminem",0
2008-05-26,"Kanye West",0
2008-05-26,"Nickelback",0
2008-05-26,"Rihanna",0
2008-05-26,"Seether",0
2008-05-26,"Shakira",0
2004-04-13,"Black Eyed Peas",0
2004-04-13,"Britney Spears",0
2004-04-13,"Coldplay",0
2004-04-13,"Don Omar",0
2004-04-13,"Eminem",0
2004-04-13,"Kanye West",0
2004-04-13,"Nickelback",0
2004-04-13,"Rihanna",0
2004-04-13,"Seether",0
2004-04-13,"Shakira",0
2004-07-13,"Black Eyed Peas",0
2004-07-13,"Britney Spears",0
2004-07-13,"Coldplay",0
2004-07-13,"Don Omar",0
2004-07-13,"Eminem",0
2004-07-13,"Kanye West",0
2004-07-13,"Nickelback",0
2004-07-13,"Rihanna",0
2004-07-13,"Seether",0
2004-07-13,"Shakira",0
2001-03-12,"Black Eyed Peas",0
2001-03-12,"Britney Spears",0
2001-03-12,"Coldplay",0
2001-03-12,"Don Omar",0
2001-03-12,"Eminem",0
2001-03-12,"Kanye West",0
2001-03-12,"Nickelback",0
2001-03-12,"Rihanna",0
2001-03-12,"Seether",0
2001-03-12,"Shakira",0
2008-01-01,"Black Eyed Peas",0
2008-01-01,"Britney Spears",0
2008-01-01,"Coldplay",0
2008-01-01,"Don Omar",0
2008-01-01,"Eminem",0
2008-01-01,"Kanye West",0
2008-01-01,"Nickelback",0
2008-01-01,"Rihanna",0
2008-01-01,"Seether",0
2008-01-01,"Shakira",0
2009-08-21,"Black Eyed Peas",0
2009-08-21,"Britney Spears",0
2009-08-21,"Coldplay",0
2009-08-21,"Don Omar",0
2009-08-21,"Eminem",0
2009-08-21,"Kanye West",0
2009-08-21,"Nickelback",0
2009-08-21,"Rihanna",0
2009-08-21,"Seether",0
2009-08-21,"Shakira",0
2005-08-29,"Black Eyed Peas",0
2005-08-29,"Britney Spears",0
2005-08-29,"Coldplay",0
2005-08-29,"Don Omar",0
2005-08-29,"Eminem",0
2005-08-29,"Kanye West",0
2005-08-29,"Nickelback",0
2005-08-29,"Rihanna",80
2005-08-29,"Seether",0
2005-08-29,"Shakira",0
2006-10-25,"Black Eyed Peas",0
2006-10-25,"Britney Spears",0
2006-10-25,"Coldplay",0
2006-10-25,"Don Omar",0
2006-10-25,"Eminem",0
2006-10-25,"Kanye West",0
2006-10-25,"Nickelback",0
2006-10-25,"Rihanna",0
2006-10-25,"Seether",0
2006-10-25,"Shakira",0
2000-03-07,"Black Eyed Peas",0
2000-03-07,"Britney Spears",0
2000-03-07,"Coldplay",0
2000-03-07,"Don Omar",0
2000-03-07,"Eminem",0
2000-03-07,"Kanye West",0
2000-03-07,"Nickelback",0
2000-03-07,"Rihanna",0
2000-03-07,"Seether",0
2000-03-07,"Shakira",0
2010-11-02,"Black Eyed Peas",0
2010-11-02,"Britney Spears",0
2010-11-02,"Coldplay",0
2010-11-02,"Don Omar",0
2010-11-02,"Eminem",0
2010-11-02,"Kanye West",0
2010-11-02,"Nickelback",0
2010-11-02,"Rihanna",0
2010-11-02,"Seether",0
2010-11-02,"Shakira",0
2009-05-15,"Black Eyed Peas",0
2009-05-15,"Britney Spears",0
2009-05-15,"Coldplay",0
2009-05-15,"Don Omar",0
2009-05-15,"Eminem",0
2009-05-15,"Kanye West",0
2009-05-15,"Nickelback",0
2009-05-15,"Rihanna",0
2009-05-15,"Seether",0
2009-05-15,"Shakira",0
2000-08-22,"Black Eyed Peas",0
2000-08-22,"Britney Spears",0
2000-08-22,"Coldplay",0
2000-08-22,"Don Omar",0
2000-08-22,"Eminem",0
2000-08-22,"Kanye West",0
2000-08-22,"Nickelback",0
2000-08-22,"Rihanna",0
2000-08-22,"Seether",0
2000-08-22,"Shakira",0
2009-07-07,"Black Eyed Peas",0
2009-07-07,"Britney Spears",0
2009-07-07,"Coldplay",0
2009-07-07,"Don Omar",0
2009-07-07,"Eminem",0
2009-07-07,"Kanye West",0
2009-07-07,"Nickelback",0
2009-07-07,"Rihanna",0
2009-07-07,"Seether",0
2009-07-07,"Shakira",0
2000-05-23,"Black Eyed Peas",0
2000-05-23,"Britney Spears",0
2000-05-23,"Coldplay",0
2000-05-23,"Don Omar",0
2000-05-23,"Eminem",77.2
2000-05-23,"Kanye West",0
2000-05-23,"Nickelback",0
2000-05-23,"Rihanna",0
2000-05-23,"Seether",0
2000-05-23,"Shakira",0
2002-05-26,"Black Eyed Peas",0
2002-05-26,"Britney Spears",0
2002-05-26,"Coldplay",0
2002-05-26,"Don Omar",0
2002-05-26,"Eminem",82.2
2002-05-26,"Kanye West",0
2002-05-26,"Nickelback",0
2002-05-26,"Rihanna",0
2002-05-26,"Seether",0
2002-05-26,"Shakira",0
2004-11-12,"Black Eyed Peas",0
2004-11-12,"Britney Spears",0
2004-11-12,"Coldplay",0
2004-11-12,"Don Omar",0
2004-11-12,"Eminem",88
2004-11-12,"Kanye West",0
2004-11-12,"Nickelback",0
2004-11-12,"Rihanna",0
2004-11-12,"Seether",0
2004-11-12,"Shakira",0
2005-12-06,"Black Eyed Peas",0
2005-12-06,"Britney Spears",0
2005-12-06,"Coldplay",0
2005-12-06,"Don Omar",0
2005-12-06,"Eminem",78
2005-12-06,"Kanye West",0
2005-12-06,"Nickelback",0
2005-12-06,"Rihanna",0
2005-12-06,"Seether",0
2005-12-06,"Shakira",0
2010-06-18,"Black Eyed Peas",0
2010-06-18,"Britney Spears",0
2010-06-18,"Coldplay",0
2010-06-18,"Don Omar",0
2010-06-18,"Eminem",82
2010-06-18,"Kanye West",0
2010-06-18,"Nickelback",0
2010-06-18,"Rihanna",0
2010-06-18,"Seether",0
2010-06-18,"Shakira",0
2008-10-03,"Black Eyed Peas",0
2008-10-03,"Britney Spears",0
2008-10-03,"Coldplay",0
2008-10-03,"Don Omar",0
2008-10-03,"Eminem",0
2008-10-03,"Kanye West",0
2008-10-03,"Nickelback",0
2008-10-03,"Rihanna",0
2008-10-03,"Seether",0
2008-10-03,"Shakira",0
2000-10-31,"Black Eyed Peas",0
2000-10-31,"Britney Spears",0
2000-10-31,"Coldplay",0
2000-10-31,"Don Omar",0
2000-10-31,"Eminem",0
2000-10-31,"Kanye West",0
2000-10-31,"Nickelback",0
2000-10-31,"Rihanna",0
2000-10-31,"Seether",0
2000-10-31,"Shakira",0
2008-03-28,"Black Eyed Peas",0
2008-03-28,"Britney Spears",0
2008-03-28,"Coldplay",0
2008-03-28,"Don Omar",0
2008-03-28,"Eminem",0
2008-03-28,"Kanye West",0
2008-03-28,"Nickelback",0
2008-03-28,"Rihanna",0
2008-03-28,"Seether",0
2008-03-28,"Shakira",0
2003-03-04,"Black Eyed Peas",0
2003-03-04,"Britney Spears",0
2003-03-04,"Coldplay",0
2003-03-04,"Don Omar",0
2003-03-04,"Eminem",0
2003-03-04,"Kanye West",0
2003-03-04,"Nickelback",0
2003-03-04,"Rihanna",0
2003-03-04,"Seether",0
2003-03-04,"Shakira",0
2005-05-03,"Black Eyed Peas",0
2005-05-03,"Britney Spears",0
2005-05-03,"Coldplay",0
2005-05-03,"Don Omar",0
2005-05-03,"Eminem",0
2005-05-03,"Kanye West",0
2005-05-03,"Nickelback",0
2005-05-03,"Rihanna",0
2005-05-03,"Seether",0
2005-05-03,"Shakira",0
2006-12-09,"Black Eyed Peas",0
2006-12-09,"Britney Spears",0
2006-12-09,"Coldplay",0
2006-12-09,"Don Omar",0
2006-12-09,"Eminem",0
2006-12-09,"Kanye West",0
2006-12-09,"Nickelback",0
2006-12-09,"Rihanna",0
2006-12-09,"Seether",0
2006-12-09,"Shakira",0
2001-12-04,"Black Eyed Peas",0
2001-12-04,"Britney Spears",0
2001-12-04,"Coldplay",0
2001-12-04,"Don Omar",0
2001-12-04,"Eminem",0
2001-12-04,"Kanye West",0
2001-12-04,"Nickelback",0
2001-12-04,"Rihanna",0
2001-12-04,"Seether",0
2001-12-04,"Shakira",0
2006-09-13,"Black Eyed Peas",0
2006-09-13,"Britney Spears",0
2006-09-13,"Coldplay",0
2006-09-13,"Don Omar",0
2006-09-13,"Eminem",0
2006-09-13,"Kanye West",0
2006-09-13,"Nickelback",0
2006-09-13,"Rihanna",0
2006-09-13,"Seether",0
2006-09-13,"Shakira",0
2009-09-22,"Black Eyed Peas",0
2009-09-22,"Britney Spears",0
2009-09-22,"Coldplay",0
2009-09-22,"Don Omar",0
2009-09-22,"Eminem",0
2009-09-22,"Kanye West",0
2009-09-22,"Nickelback",0
2009-09-22,"Rihanna",0
2009-09-22,"Seether",0
2009-09-22,"Shakira",0
2008-06-03,"Black Eyed Peas",0
2008-06-03,"Britney Spears",0
2008-06-03,"Coldplay",0
2008-06-03,"Don Omar",0
2008-06-03,"Eminem",0
2008-06-03,"Kanye West",0
2008-06-03,"Nickelback",0
2008-06-03,"Rihanna",0
2008-06-03,"Seether",0
2008-06-03,"Shakira",0
2008-03-17,"Black Eyed Peas",0
2008-03-17,"Britney Spears",0
2008-03-17,"Coldplay",0
2008-03-17,"Don Omar",0
2008-03-17,"Eminem",0
2008-03-17,"Kanye West",0
2008-03-17,"Nickelback",0
2008-03-17,"Rihanna",0
2008-03-17,"Seether",0
2008-03-17,"Shakira",0
2009-03-30,"Black Eyed Peas",0
2009-03-30,"Britney Spears",0
2009-03-30,"Coldplay",0
2009-03-30,"Don Omar",0
2009-03-30,"Eminem",0
2009-03-30,"Kanye West",0
2009-03-30,"Nickelback",0
2009-03-30,"Rihanna",0
2009-03-30,"Seether",0
2009-03-30,"Shakira",0
2002-10-22,"Black Eyed Peas",0
2002-10-22,"Britney Spears",0
2002-10-22,"Coldplay",0
2002-10-22,"Don Omar",0
2002-10-22,"Eminem",0
2002-10-22,"Kanye West",0
2002-10-22,"Nickelback",0
2002-10-22,"Rihanna",0
2002-10-22,"Seether",0
2002-10-22,"Shakira",0
2005-06-14,"Black Eyed Peas",0
2005-06-14,"Britney Spears",0
2005-06-14,"Coldplay",0
2005-06-14,"Don Omar",0
2005-06-14,"Eminem",0
2005-06-14,"Kanye West",0
2005-06-14,"Nickelback",0
2005-06-14,"Rihanna",0
2005-06-14,"Seether",0
2005-06-14,"Shakira",0
2004-02-16,"Black Eyed Peas",0
2004-02-16,"Britney Spears",0
2004-02-16,"Coldplay",0
2004-02-16,"Don Omar",0
2004-02-16,"Eminem",0
2004-02-16,"Kanye West",0
2004-02-16,"Nickelback",0
2004-02-16,"Rihanna",0
2004-02-16,"Seether",0
2004-02-16,"Shakira",0
2006-05-02,"Black Eyed Peas",0
2006-05-02,"Britney Spears",0
2006-05-02,"Coldplay",0
2006-05-02,"Don Omar",0
2006-05-02,"Eminem",0
2006-05-02,"Kanye West",0
2006-05-02,"Nickelback",0
2006-05-02,"Rihanna",0
2006-05-02,"Seether",0
2006-05-02,"Shakira",0
2003-04-08,"Black Eyed Peas",0
2003-04-08,"Britney Spears",0
2003-04-08,"Coldplay",0
2003-04-08,"Don Omar",0
2003-04-08,"Eminem",0
2003-04-08,"Kanye West",0
2003-04-08,"Nickelback",0
2003-04-08,"Rihanna",0
2003-04-08,"Seether",0
2003-04-08,"Shakira",0
2002-10-04,"Black Eyed Peas",0
2002-10-04,"Britney Spears",0
2002-10-04,"Coldplay",0
2002-10-04,"Don Omar",0
2002-10-04,"Eminem",0
2002-10-04,"Kanye West",0
2002-10-04,"Nickelback",0
2002-10-04,"Rihanna",0
2002-10-04,"Seether",0
2002-10-04,"Shakira",0
2005-05-23,"Black Eyed Peas",0
2005-05-23,"Britney Spears",0
2005-05-23,"Coldplay",0
2005-05-23,"Don Omar",0
2005-05-23,"Eminem",0
2005-05-23,"Kanye West",0
2005-05-23,"Nickelback",0
2005-05-23,"Rihanna",0
2005-05-23,"Seether",0
2005-05-23,"Shakira",0
2004-09-21,"Black Eyed Peas",0
2004-09-21,"Britney Spears",0
2004-09-21,"Coldplay",0
2004-09-21,"Don Omar",0
2004-09-21,"Eminem",0
2004-09-21,"Kanye West",0
2004-09-21,"Nickelback",0
2004-09-21,"Rihanna",0
2004-09-21,"Seether",0
2004-09-21,"Shakira",0
2004-11-23,"Black Eyed Peas",0
2004-11-23,"Britney Spears",0
2004-11-23,"Coldplay",0
2004-11-23,"Don Omar",0
2004-11-23,"Eminem",0
2004-11-23,"Kanye West",0
2004-11-23,"Nickelback",0
2004-11-23,"Rihanna",0
2004-11-23,"Seether",0
2004-11-23,"Shakira",0
2005-02-22,"Black Eyed Peas",0
2005-02-22,"Britney Spears",0
2005-02-22,"Coldplay",0
2005-02-22,"Don Omar",0
2005-02-22,"Eminem",0
2005-02-22,"Kanye West",0
2005-02-22,"Nickelback",0
2005-02-22,"Rihanna",0
2005-02-22,"Seether",0
2005-02-22,"Shakira",0
2003-12-09,"Black Eyed Peas",0
2003-12-09,"Britney Spears",0
2003-12-09,"Coldplay",0
2003-12-09,"Don Omar",0
2003-12-09,"Eminem",0
2003-12-09,"Kanye West",0
2003-12-09,"Nickelback",0
2003-12-09,"Rihanna",0
2003-12-09,"Seether",0
2003-12-09,"Shakira",0
2001-10-23,"Black Eyed Peas",0
2001-10-23,"Britney Spears",0
2001-10-23,"Coldplay",0
2001-10-23,"Don Omar",0
2001-10-23,"Eminem",0
2001-10-23,"Kanye West",0
2001-10-23,"Nickelback",0
2001-10-23,"Rihanna",0
2001-10-23,"Seether",0
2001-10-23,"Shakira",0
2004-08-31,"Black Eyed Peas",0
2004-08-31,"Britney Spears",0
2004-08-31,"Coldplay",0
2004-08-31,"Don Omar",0
2004-08-31,"Eminem",0
2004-08-31,"Kanye West",0
2004-08-31,"Nickelback",0
2004-08-31,"Rihanna",0
2004-08-31,"Seether",0
2004-08-31,"Shakira",0
2009-08-11,"Black Eyed Peas",0
2009-08-11,"Britney Spears",0
2009-08-11,"Coldplay",0
2009-08-11,"Don Omar",0
2009-08-11,"Eminem",0
2009-08-11,"Kanye West",0
2009-08-11,"Nickelback",0
2009-08-11,"Rihanna",0
2009-08-11,"Seether",0
2009-08-11,"Shakira",0
2006-02-24,"Black Eyed Peas",0
2006-02-24,"Britney Spears",0
2006-02-24,"Coldplay",0
2006-02-24,"Don Omar",0
2006-02-24,"Eminem",0
2006-02-24,"Kanye West",0
2006-02-24,"Nickelback",0
2006-02-24,"Rihanna",0
2006-02-24,"Seether",0
2006-02-24,"Shakira",0
2009-04-07,"Black Eyed Peas",0
2009-04-07,"Britney Spears",0
2009-04-07,"Coldplay",0
2009-04-07,"Don Omar",0
2009-04-07,"Eminem",0
2009-04-07,"Kanye West",0
2009-04-07,"Nickelback",0
2009-04-07,"Rihanna",0
2009-04-07,"Seether",0
2009-04-07,"Shakira",0
2008-05-12,"Black Eyed Peas",0
2008-05-12,"Britney Spears",0
2008-05-12,"Coldplay",0
2008-05-12,"Don Omar",0
2008-05-12,"Eminem",0
2008-05-12,"Kanye West",0
2008-05-12,"Nickelback",0
2008-05-12,"Rihanna",0
2008-05-12,"Seether",0
2008-05-12,"Shakira",0
2004-11-30,"Black Eyed Peas",0
2004-11-30,"Britney Spears",0
2004-11-30,"Coldplay",0
2004-11-30,"Don Omar",0
2004-11-30,"Eminem",0
2004-11-30,"Kanye West",0
2004-11-30,"Nickelback",0
2004-11-30,"Rihanna",0
2004-11-30,"Seether",0
2004-11-30,"Shakira",0
2003-09-15,"Black Eyed Peas",0
2003-09-15,"Britney Spears",0
2003-09-15,"Coldplay",0
2003-09-15,"Don Omar",0
2003-09-15,"Eminem",0
2003-09-15,"Kanye West",0
2003-09-15,"Nickelback",0
2003-09-15,"Rihanna",0
2003-09-15,"Seether",0
2003-09-15,"Shakira",0
2001-07-17,"Black Eyed Peas",0
2001-07-17,"Britney Spears",0
2001-07-17,"Coldplay",0
2001-07-17,"Don Omar",0
2001-07-17,"Eminem",0
2001-07-17,"Kanye West",0
2001-07-17,"Nickelback",0
2001-07-17,"Rihanna",0
2001-07-17,"Seether",0
2001-07-17,"Shakira",0
2001-08-16,"Black Eyed Peas",0
2001-08-16,"Britney Spears",0
2001-08-16,"Coldplay",0
2001-08-16,"Don Omar",0
2001-08-16,"Eminem",0
2001-08-16,"Kanye West",0
2001-08-16,"Nickelback",0
2001-08-16,"Rihanna",0
2001-08-16,"Seether",0
2001-08-16,"Shakira",0
2006-09-11,"Black Eyed Peas",0
2006-09-11,"Britney Spears",0
2006-09-11,"Coldplay",0
2006-09-11,"Don Omar",0
2006-09-11,"Eminem",0
2006-09-11,"Kanye West",0
2006-09-11,"Nickelback",0
2006-09-11,"Rihanna",0
2006-09-11,"Seether",0
2006-09-11,"Shakira",0
2008-08-12,"Black Eyed Peas",0
2008-08-12,"Britney Spears",0
2008-08-12,"Coldplay",0
2008-08-12,"Don Omar",0
2008-08-12,"Eminem",0
2008-08-12,"Kanye West",0
2008-08-12,"Nickelback",0
2008-08-12,"Rihanna",0
2008-08-12,"Seether",0
2008-08-12,"Shakira",0
2002-11-04,"Black Eyed Peas",0
2002-11-04,"Britney Spears",0
2002-11-04,"Coldplay",0
2002-11-04,"Don Omar",0
2002-11-04,"Eminem",0
2002-11-04,"Kanye West",0
2002-11-04,"Nickelback",0
2002-11-04,"Rihanna",0
2002-11-04,"Seether",0
2002-11-04,"Shakira",0
2006-09-12,"Black Eyed Peas",0
2006-09-12,"Britney Spears",0
2006-09-12,"Coldplay",0
2006-09-12,"Don Omar",0
2006-09-12,"Eminem",0
2006-09-12,"Kanye West",0
2006-09-12,"Nickelback",0
2006-09-12,"Rihanna",0
2006-09-12,"Seether",0
2006-09-12,"Shakira",0
2004-02-10,"Black Eyed Peas",0
2004-02-10,"Britney Spears",0
2004-02-10,"Coldplay",0
2004-02-10,"Don Omar",0
2004-02-10,"Eminem",0
2004-02-10,"Kanye West",76.6666666666667
2004-02-10,"Nickelback",0
2004-02-10,"Rihanna",0
2004-02-10,"Seether",0
2004-02-10,"Shakira",0
2005-08-30,"Black Eyed Peas",0
2005-08-30,"Britney Spears",0
2005-08-30,"Coldplay",0
2005-08-30,"Don Omar",0
2005-08-30,"Eminem",0
2005-08-30,"Kanye West",77.5
2005-08-30,"Nickelback",0
2005-08-30,"Rihanna",0
2005-08-30,"Seether",0
2005-08-30,"Shakira",0
2007-09-11,"Black Eyed Peas",0
2007-09-11,"Britney Spears",0
2007-09-11,"Coldplay",0
2007-09-11,"Don Omar",0
2007-09-11,"Eminem",0
2007-09-11,"Kanye West",79.8888888888889
2007-09-11,"Nickelback",0
2007-09-11,"Rihanna",0
2007-09-11,"Seether",0
2007-09-11,"Shakira",0
2008-11-24,"Black Eyed Peas",0
2008-11-24,"Britney Spears",0
2008-11-24,"Coldplay",0
2008-11-24,"Don Omar",0
2008-11-24,"Eminem",0
2008-11-24,"Kanye West",87
2008-11-24,"Nickelback",0
2008-11-24,"Rihanna",0
2008-11-24,"Seether",0
2008-11-24,"Shakira",0
2010-11-22,"Black Eyed Peas",0
2010-11-22,"Britney Spears",0
2010-11-22,"Coldplay",0
2010-11-22,"Don Omar",0
2010-11-22,"Eminem",0
2010-11-22,"Kanye West",79.5
2010-11-22,"Nickelback",0
2010-11-22,"Rihanna",0
2010-11-22,"Seether",0
2010-11-22,"Shakira",0
2008-06-17,"Black Eyed Peas",0
2008-06-17,"Britney Spears",0
2008-06-17,"Coldplay",0
2008-06-17,"Don Omar",0
2008-06-17,"Eminem",0
2008-06-17,"Kanye West",0
2008-06-17,"Nickelback",0
2008-06-17,"Rihanna",0
2008-06-17,"Seether",0
2008-06-17,"Shakira",0
2004-01-17,"Black Eyed Peas",0
2004-01-17,"Britney Spears",0
2004-01-17,"Coldplay",0
2004-01-17,"Don Omar",0
2004-01-17,"Eminem",0
2004-01-17,"Kanye West",0
2004-01-17,"Nickelback",0
2004-01-17,"Rihanna",0
2004-01-17,"Seether",0
2004-01-17,"Shakira",0
2004-01-22,"Black Eyed Peas",0
2004-01-22,"Britney Spears",0
2004-01-22,"Coldplay",0
2004-01-22,"Don Omar",0
2004-01-22,"Eminem",0
2004-01-22,"Kanye West",0
2004-01-22,"Nickelback",0
2004-01-22,"Rihanna",0
2004-01-22,"Seether",0
2004-01-22,"Shakira",0
2009-09-15,"Black Eyed Peas",0
2009-09-15,"Britney Spears",0
2009-09-15,"Coldplay",0
2009-09-15,"Don Omar",0
2009-09-15,"Eminem",0
2009-09-15,"Kanye West",0
2009-09-15,"Nickelback",0
2009-09-15,"Rihanna",0
2009-09-15,"Seether",0
2009-09-15,"Shakira",0
2001-11-19,"Black Eyed Peas",0
2001-11-19,"Britney Spears",0
2001-11-19,"Coldplay",0
2001-11-19,"Don Omar",0
2001-11-19,"Eminem",0
2001-11-19,"Kanye West",0
2001-11-19,"Nickelback",0
2001-11-19,"Rihanna",0
2001-11-19,"Seether",0
2001-11-19,"Shakira",0
2007-10-09,"Black Eyed Peas",0
2007-10-09,"Britney Spears",0
2007-10-09,"Coldplay",0
2007-10-09,"Don Omar",0
2007-10-09,"Eminem",0
2007-10-09,"Kanye West",0
2007-10-09,"Nickelback",0
2007-10-09,"Rihanna",0
2007-10-09,"Seether",0
2007-10-09,"Shakira",0
2008-09-23,"Black Eyed Peas",0
2008-09-23,"Britney Spears",0
2008-09-23,"Coldplay",0
2008-09-23,"Don Omar",0
2008-09-23,"Eminem",0
2008-09-23,"Kanye West",0
2008-09-23,"Nickelback",0
2008-09-23,"Rihanna",0
2008-09-23,"Seether",0
2008-09-23,"Shakira",0
2001-10-01,"Black Eyed Peas",0
2001-10-01,"Britney Spears",0
2001-10-01,"Coldplay",0
2001-10-01,"Don Omar",0
2001-10-01,"Eminem",0
2001-10-01,"Kanye West",0
2001-10-01,"Nickelback",0
2001-10-01,"Rihanna",0
2001-10-01,"Seether",0
2001-10-01,"Shakira",0
2004-05-10,"Black Eyed Peas",0
2004-05-10,"Britney Spears",0
2004-05-10,"Coldplay",0
2004-05-10,"Don Omar",0
2004-05-10,"Eminem",0
2004-05-10,"Kanye West",0
2004-05-10,"Nickelback",0
2004-05-10,"Rihanna",0
2004-05-10,"Seether",0
2004-05-10,"Shakira",0
2009-08-05,"Black Eyed Peas",0
2009-08-05,"Britney Spears",0
2009-08-05,"Coldplay",0
2009-08-05,"Don Omar",0
2009-08-05,"Eminem",0
2009-08-05,"Kanye West",0
2009-08-05,"Nickelback",0
2009-08-05,"Rihanna",0
2009-08-05,"Seether",0
2009-08-05,"Shakira",0
2009-11-05,"Black Eyed Peas",0
2009-11-05,"Britney Spears",0
2009-11-05,"Coldplay",0
2009-11-05,"Don Omar",0
2009-11-05,"Eminem",0
2009-11-05,"Kanye West",0
2009-11-05,"Nickelback",0
2009-11-05,"Rihanna",0
2009-11-05,"Seether",0
2009-11-05,"Shakira",0
2005-03-22,"Black Eyed Peas",0
2005-03-22,"Britney Spears",0
2005-03-22,"Coldplay",0
2005-03-22,"Don Omar",0
2005-03-22,"Eminem",0
2005-03-22,"Kanye West",0
2005-03-22,"Nickelback",0
2005-03-22,"Rihanna",0
2005-03-22,"Seether",0
2005-03-22,"Shakira",0
2002-10-29,"Black Eyed Peas",0
2002-10-29,"Britney Spears",0
2002-10-29,"Coldplay",0
2002-10-29,"Don Omar",0
2002-10-29,"Eminem",0
2002-10-29,"Kanye West",0
2002-10-29,"Nickelback",0
2002-10-29,"Rihanna",0
2002-10-29,"Seether",0
2002-10-29,"Shakira",0
2008-06-10,"Black Eyed Peas",0
2008-06-10,"Britney Spears",0
2008-06-10,"Coldplay",0
2008-06-10,"Don Omar",0
2008-06-10,"Eminem",0
2008-06-10,"Kanye West",0
2008-06-10,"Nickelback",0
2008-06-10,"Rihanna",0
2008-06-10,"Seether",0
2008-06-10,"Shakira",0
2000-10-17,"Black Eyed Peas",0
2000-10-17,"Britney Spears",0
2000-10-17,"Coldplay",0
2000-10-17,"Don Omar",0
2000-10-17,"Eminem",0
2000-10-17,"Kanye West",0
2000-10-17,"Nickelback",0
2000-10-17,"Rihanna",0
2000-10-17,"Seether",0
2000-10-17,"Shakira",0
2000-10-24,"Black Eyed Peas",0
2000-10-24,"Britney Spears",0
2000-10-24,"Coldplay",0
2000-10-24,"Don Omar",0
2000-10-24,"Eminem",0
2000-10-24,"Kanye West",0
2000-10-24,"Nickelback",0
2000-10-24,"Rihanna",0
2000-10-24,"Seether",0
2000-10-24,"Shakira",0
2003-03-24,"Black Eyed Peas",0
2003-03-24,"Britney Spears",0
2003-03-24,"Coldplay",0
2003-03-24,"Don Omar",0
2003-03-24,"Eminem",0
2003-03-24,"Kanye West",0
2003-03-24,"Nickelback",0
2003-03-24,"Rihanna",0
2003-03-24,"Seether",0
2003-03-24,"Shakira",0
2007-05-14,"Black Eyed Peas",0
2007-05-14,"Britney Spears",0
2007-05-14,"Coldplay",0
2007-05-14,"Don Omar",0
2007-05-14,"Eminem",0
2007-05-14,"Kanye West",0
2007-05-14,"Nickelback",0
2007-05-14,"Rihanna",0
2007-05-14,"Seether",0
2007-05-14,"Shakira",0
2000-11-01,"Black Eyed Peas",0
2000-11-01,"Britney Spears",0
2000-11-01,"Coldplay",0
2000-11-01,"Don Omar",0
2000-11-01,"Eminem",0
2000-11-01,"Kanye West",0
2000-11-01,"Nickelback",0
2000-11-01,"Rihanna",0
2000-11-01,"Seether",0
2000-11-01,"Shakira",0
2000-11-12,"Black Eyed Peas",0
2000-11-12,"Britney Spears",0
2000-11-12,"Coldplay",0
2000-11-12,"Don Omar",0
2000-11-12,"Eminem",0
2000-11-12,"Kanye West",0
2000-11-12,"Nickelback",0
2000-11-12,"Rihanna",0
2000-11-12,"Seether",0
2000-11-12,"Shakira",0
2003-05-20,"Black Eyed Peas",0
2003-05-20,"Britney Spears",0
2003-05-20,"Coldplay",0
2003-05-20,"Don Omar",0
2003-05-20,"Eminem",0
2003-05-20,"Kanye West",0
2003-05-20,"Nickelback",0
2003-05-20,"Rihanna",0
2003-05-20,"Seether",0
2003-05-20,"Shakira",0
2007-08-20,"Black Eyed Peas",0
2007-08-20,"Britney Spears",0
2007-08-20,"Coldplay",0
2007-08-20,"Don Omar",0
2007-08-20,"Eminem",0
2007-08-20,"Kanye West",0
2007-08-20,"Nickelback",0
2007-08-20,"Rihanna",0
2007-08-20,"Seether",0
2007-08-20,"Shakira",0
2010-08-13,"Black Eyed Peas",0
2010-08-13,"Britney Spears",0
2010-08-13,"Coldplay",0
2010-08-13,"Don Omar",0
2010-08-13,"Eminem",0
2010-08-13,"Kanye West",0
2010-08-13,"Nickelback",0
2010-08-13,"Rihanna",0
2010-08-13,"Seether",0
2010-08-13,"Shakira",0
2004-03-24,"Black Eyed Peas",0
2004-03-24,"Britney Spears",0
2004-03-24,"Coldplay",0
2004-03-24,"Don Omar",0
2004-03-24,"Eminem",0
2004-03-24,"Kanye West",0
2004-03-24,"Nickelback",0
2004-03-24,"Rihanna",0
2004-03-24,"Seether",0
2004-03-24,"Shakira",0
2001-06-01,"Black Eyed Peas",0
2001-06-01,"Britney Spears",0
2001-06-01,"Coldplay",0
2001-06-01,"Don Omar",0
2001-06-01,"Eminem",0
2001-06-01,"Kanye West",0
2001-06-01,"Nickelback",0
2001-06-01,"Rihanna",0
2001-06-01,"Seether",0
2001-06-01,"Shakira",0
2005-04-12,"Black Eyed Peas",0
2005-04-12,"Britney Spears",0
2005-04-12,"Coldplay",0
2005-04-12,"Don Omar",0
2005-04-12,"Eminem",0
2005-04-12,"Kanye West",0
2005-04-12,"Nickelback",0
2005-04-12,"Rihanna",0
2005-04-12,"Seether",0
2005-04-12,"Shakira",0
2009-09-29,"Black Eyed Peas",0
2009-09-29,"Britney Spears",0
2009-09-29,"Coldplay",0
2009-09-29,"Don Omar",0
2009-09-29,"Eminem",0
2009-09-29,"Kanye West",0
2009-09-29,"Nickelback",0
2009-09-29,"Rihanna",0
2009-09-29,"Seether",0
2009-09-29,"Shakira",0
2004-12-06,"Black Eyed Peas",0
2004-12-06,"Britney Spears",0
2004-12-06,"Coldplay",0
2004-12-06,"Don Omar",0
2004-12-06,"Eminem",0
2004-12-06,"Kanye West",0
2004-12-06,"Nickelback",0
2004-12-06,"Rihanna",0
2004-12-06,"Seether",0
2004-12-06,"Shakira",0
2007-04-16,"Black Eyed Peas",0
2007-04-16,"Britney Spears",0
2007-04-16,"Coldplay",0
2007-04-16,"Don Omar",0
2007-04-16,"Eminem",0
2007-04-16,"Kanye West",0
2007-04-16,"Nickelback",0
2007-04-16,"Rihanna",0
2007-04-16,"Seether",0
2007-04-16,"Shakira",0
2004-11-16,"Black Eyed Peas",0
2004-11-16,"Britney Spears",0
2004-11-16,"Coldplay",0
2004-11-16,"Don Omar",0
2004-11-16,"Eminem",0
2004-11-16,"Kanye West",0
2004-11-16,"Nickelback",0
2004-11-16,"Rihanna",0
2004-11-16,"Seether",0
2004-11-16,"Shakira",0
2007-12-14,"Black Eyed Peas",0
2007-12-14,"Britney Spears",0
2007-12-14,"Coldplay",0
2007-12-14,"Don Omar",0
2007-12-14,"Eminem",0
2007-12-14,"Kanye West",0
2007-12-14,"Nickelback",0
2007-12-14,"Rihanna",0
2007-12-14,"Seether",0
2007-12-14,"Shakira",0
2008-02-08,"Black Eyed Peas",0
2008-02-08,"Britney Spears",0
2008-02-08,"Coldplay",0
2008-02-08,"Don Omar",0
2008-02-08,"Eminem",0
2008-02-08,"Kanye West",0
2008-02-08,"Nickelback",0
2008-02-08,"Rihanna",0
2008-02-08,"Seether",0
2008-02-08,"Shakira",0
2010-11-26,"Black Eyed Peas",0
2010-11-26,"Britney Spears",0
2010-11-26,"Coldplay",0
2010-11-26,"Don Omar",0
2010-11-26,"Eminem",0
2010-11-26,"Kanye West",0
2010-11-26,"Nickelback",0
2010-11-26,"Rihanna",0
2010-11-26,"Seether",0
2010-11-26,"Shakira",0
2010-08-09,"Black Eyed Peas",0
2010-08-09,"Britney Spears",0
2010-08-09,"Coldplay",0
2010-08-09,"Don Omar",0
2010-08-09,"Eminem",0
2010-08-09,"Kanye West",0
2010-08-09,"Nickelback",0
2010-08-09,"Rihanna",0
2010-08-09,"Seether",0
2010-08-09,"Shakira",0
2007-05-01,"Black Eyed Peas",0
2007-05-01,"Britney Spears",0
2007-05-01,"Coldplay",0
2007-05-01,"Don Omar",0
2007-05-01,"Eminem",0
2007-05-01,"Kanye West",0
2007-05-01,"Nickelback",0
2007-05-01,"Rihanna",0
2007-05-01,"Seether",0
2007-05-01,"Shakira",0
2002-11-11,"Black Eyed Peas",0
2002-11-11,"Britney Spears",0
2002-11-11,"Coldplay",0
2002-11-11,"Don Omar",0
2002-11-11,"Eminem",0
2002-11-11,"Kanye West",0
2002-11-11,"Nickelback",0
2002-11-11,"Rihanna",0
2002-11-11,"Seether",0
2002-11-11,"Shakira",0
2004-04-05,"Black Eyed Peas",0
2004-04-05,"Britney Spears",0
2004-04-05,"Coldplay",0
2004-04-05,"Don Omar",0
2004-04-05,"Eminem",0
2004-04-05,"Kanye West",0
2004-04-05,"Nickelback",0
2004-04-05,"Rihanna",0
2004-04-05,"Seether",0
2004-04-05,"Shakira",0
2007-05-08,"Black Eyed Peas",0
2007-05-08,"Britney Spears",0
2007-05-08,"Coldplay",0
2007-05-08,"Don Omar",0
2007-05-08,"Eminem",0
2007-05-08,"Kanye West",0
2007-05-08,"Nickelback",0
2007-05-08,"Rihanna",0
2007-05-08,"Seether",0
2007-05-08,"Shakira",0
2009-10-02,"Black Eyed Peas",0
2009-10-02,"Britney Spears",0
2009-10-02,"Coldplay",0
2009-10-02,"Don Omar",0
2009-10-02,"Eminem",0
2009-10-02,"Kanye West",0
2009-10-02,"Nickelback",0
2009-10-02,"Rihanna",0
2009-10-02,"Seether",0
2009-10-02,"Shakira",0
2006-06-19,"Black Eyed Peas",0
2006-06-19,"Britney Spears",0
2006-06-19,"Coldplay",0
2006-06-19,"Don Omar",0
2006-06-19,"Eminem",0
2006-06-19,"Kanye West",0
2006-06-19,"Nickelback",0
2006-06-19,"Rihanna",0
2006-06-19,"Seether",0
2006-06-19,"Shakira",0
2004-06-08,"Black Eyed Peas",0
2004-06-08,"Britney Spears",0
2004-06-08,"Coldplay",0
2004-06-08,"Don Omar",0
2004-06-08,"Eminem",0
2004-06-08,"Kanye West",0
2004-06-08,"Nickelback",0
2004-06-08,"Rihanna",0
2004-06-08,"Seether",0
2004-06-08,"Shakira",0
2006-10-23,"Black Eyed Peas",0
2006-10-23,"Britney Spears",0
2006-10-23,"Coldplay",0
2006-10-23,"Don Omar",0
2006-10-23,"Eminem",0
2006-10-23,"Kanye West",0
2006-10-23,"Nickelback",0
2006-10-23,"Rihanna",0
2006-10-23,"Seether",0
2006-10-23,"Shakira",0
2004-08-30,"Black Eyed Peas",0
2004-08-30,"Britney Spears",0
2004-08-30,"Coldplay",0
2004-08-30,"Don Omar",0
2004-08-30,"Eminem",0
2004-08-30,"Kanye West",0
2004-08-30,"Nickelback",0
2004-08-30,"Rihanna",0
2004-08-30,"Seether",0
2004-08-30,"Shakira",0
2007-04-27,"Black Eyed Peas",0
2007-04-27,"Britney Spears",0
2007-04-27,"Coldplay",0
2007-04-27,"Don Omar",0
2007-04-27,"Eminem",0
2007-04-27,"Kanye West",0
2007-04-27,"Nickelback",0
2007-04-27,"Rihanna",0
2007-04-27,"Seether",0
2007-04-27,"Shakira",0
2000-06-27,"Black Eyed Peas",0
2000-06-27,"Britney Spears",0
2000-06-27,"Coldplay",0
2000-06-27,"Don Omar",0
2000-06-27,"Eminem",0
2000-06-27,"Kanye West",0
2000-06-27,"Nickelback",0
2000-06-27,"Rihanna",0
2000-06-27,"Seether",0
2000-06-27,"Shakira",0
2002-06-25,"Black Eyed Peas",0
2002-06-25,"Britney Spears",0
2002-06-25,"Coldplay",0
2002-06-25,"Don Omar",0
2002-06-25,"Eminem",0
2002-06-25,"Kanye West",0
2002-06-25,"Nickelback",0
2002-06-25,"Rihanna",0
2002-06-25,"Seether",0
2002-06-25,"Shakira",0
2001-09-11,"Black Eyed Peas",0
2001-09-11,"Britney Spears",0
2001-09-11,"Coldplay",0
2001-09-11,"Don Omar",0
2001-09-11,"Eminem",0
2001-09-11,"Kanye West",0
2001-09-11,"Nickelback",82
2001-09-11,"Rihanna",0
2001-09-11,"Seether",0
2001-09-11,"Shakira",0
2003-09-23,"Black Eyed Peas",0
2003-09-23,"Britney Spears",0
2003-09-23,"Coldplay",0
2003-09-23,"Don Omar",0
2003-09-23,"Eminem",0
2003-09-23,"Kanye West",0
2003-09-23,"Nickelback",73
2003-09-23,"Rihanna",0
2003-09-23,"Seether",0
2003-09-23,"Shakira",0
2005-09-26,"Black Eyed Peas",0
2005-09-26,"Britney Spears",0
2005-09-26,"Coldplay",0
2005-09-26,"Don Omar",0
2005-09-26,"Eminem",0
2005-09-26,"Kanye West",0
2005-09-26,"Nickelback",70
2005-09-26,"Rihanna",0
2005-09-26,"Seether",0
2005-09-26,"Shakira",0
2008-10-28,"Black Eyed Peas",0
2008-10-28,"Britney Spears",0
2008-10-28,"Coldplay",0
2008-10-28,"Don Omar",0
2008-10-28,"Eminem",0
2008-10-28,"Kanye West",0
2008-10-28,"Nickelback",75
2008-10-28,"Rihanna",0
2008-10-28,"Seether",0
2008-10-28,"Shakira",0
2002-02-26,"Black Eyed Peas",0
2002-02-26,"Britney Spears",0
2002-02-26,"Coldplay",0
2002-02-26,"Don Omar",0
2002-02-26,"Eminem",0
2002-02-26,"Kanye West",0
2002-02-26,"Nickelback",0
2002-02-26,"Rihanna",0
2002-02-26,"Seether",0
2002-02-26,"Shakira",0
2006-04-04,"Black Eyed Peas",0
2006-04-04,"Britney Spears",0
2006-04-04,"Coldplay",0
2006-04-04,"Don Omar",0
2006-04-04,"Eminem",0
2006-04-04,"Kanye West",0
2006-04-04,"Nickelback",0
2006-04-04,"Rihanna",0
2006-04-04,"Seether",0
2006-04-04,"Shakira",0
2008-10-24,"Black Eyed Peas",0
2008-10-24,"Britney Spears",0
2008-10-24,"Coldplay",0
2008-10-24,"Don Omar",0
2008-10-24,"Eminem",0
2008-10-24,"Kanye West",0
2008-10-24,"Nickelback",0
2008-10-24,"Rihanna",0
2008-10-24,"Seether",0
2008-10-24,"Shakira",0
2005-09-27,"Black Eyed Peas",0
2005-09-27,"Britney Spears",0
2005-09-27,"Coldplay",0
2005-09-27,"Don Omar",0
2005-09-27,"Eminem",0
2005-09-27,"Kanye West",0
2005-09-27,"Nickelback",0
2005-09-27,"Rihanna",0
2005-09-27,"Seether",0
2005-09-27,"Shakira",0
2001-04-25,"Black Eyed Peas",0
2001-04-25,"Britney Spears",0
2001-04-25,"Coldplay",0
2001-04-25,"Don Omar",0
2001-04-25,"Eminem",0
2001-04-25,"Kanye West",0
2001-04-25,"Nickelback",0
2001-04-25,"Rihanna",0
2001-04-25,"Seether",0
2001-04-25,"Shakira",0
2007-06-11,"Black Eyed Peas",0
2007-06-11,"Britney Spears",0
2007-06-11,"Coldplay",0
2007-06-11,"Don Omar",0
2007-06-11,"Eminem",0
2007-06-11,"Kanye West",0
2007-06-11,"Nickelback",0
2007-06-11,"Rihanna",0
2007-06-11,"Seether",0
2007-06-11,"Shakira",0
2008-11-04,"Black Eyed Peas",0
2008-11-04,"Britney Spears",0
2008-11-04,"Coldplay",0
2008-11-04,"Don Omar",0
2008-11-04,"Eminem",0
2008-11-04,"Kanye West",0
2008-11-04,"Nickelback",0
2008-11-04,"Rihanna",0
2008-11-04,"Seether",0
2008-11-04,"Shakira",0
2009-09-28,"Black Eyed Peas",0
2009-09-28,"Britney Spears",0
2009-09-28,"Coldplay",0
2009-09-28,"Don Omar",0
2009-09-28,"Eminem",0
2009-09-28,"Kanye West",0
2009-09-28,"Nickelback",0
2009-09-28,"Rihanna",0
2009-09-28,"Seether",0
2009-09-28,"Shakira",0
2010-09-10,"Black Eyed Peas",0
2010-09-10,"Britney Spears",0
2010-09-10,"Coldplay",0
2010-09-10,"Don Omar",0
2010-09-10,"Eminem",0
2010-09-10,"Kanye West",0
2010-09-10,"Nickelback",0
2010-09-10,"Rihanna",0
2010-09-10,"Seether",0
2010-09-10,"Shakira",0
2009-05-25,"Black Eyed Peas",0
2009-05-25,"Britney Spears",0
2009-05-25,"Coldplay",0
2009-05-25,"Don Omar",0
2009-05-25,"Eminem",0
2009-05-25,"Kanye West",0
2009-05-25,"Nickelback",0
2009-05-25,"Rihanna",0
2009-05-25,"Seether",0
2009-05-25,"Shakira",0
2009-08-27,"Black Eyed Peas",0
2009-08-27,"Britney Spears",0
2009-08-27,"Coldplay",0
2009-08-27,"Don Omar",0
2009-08-27,"Eminem",0
2009-08-27,"Kanye West",0
2009-08-27,"Nickelback",0
2009-08-27,"Rihanna",0
2009-08-27,"Seether",0
2009-08-27,"Shakira",0
2002-05-10,"Black Eyed Peas",0
2002-05-10,"Britney Spears",0
2002-05-10,"Coldplay",0
2002-05-10,"Don Omar",0
2002-05-10,"Eminem",0
2002-05-10,"Kanye West",0
2002-05-10,"Nickelback",0
2002-05-10,"Rihanna",0
2002-05-10,"Seether",0
2002-05-10,"Shakira",0
2010-07-20,"Black Eyed Peas",0
2010-07-20,"Britney Spears",0
2010-07-20,"Coldplay",0
2010-07-20,"Don Omar",0
2010-07-20,"Eminem",0
2010-07-20,"Kanye West",0
2010-07-20,"Nickelback",0
2010-07-20,"Rihanna",0
2010-07-20,"Seether",0
2010-07-20,"Shakira",0
2007-12-28,"Black Eyed Peas",0
2007-12-28,"Britney Spears",0
2007-12-28,"Coldplay",0
2007-12-28,"Don Omar",0
2007-12-28,"Eminem",0
2007-12-28,"Kanye West",0
2007-12-28,"Nickelback",0
2007-12-28,"Rihanna",0
2007-12-28,"Seether",0
2007-12-28,"Shakira",0
2001-04-02,"Black Eyed Peas",0
2001-04-02,"Britney Spears",0
2001-04-02,"Coldplay",0
2001-04-02,"Don Omar",0
2001-04-02,"Eminem",0
2001-04-02,"Kanye West",0
2001-04-02,"Nickelback",0
2001-04-02,"Rihanna",0
2001-04-02,"Seether",0
2001-04-02,"Shakira",0
2002-07-09,"Black Eyed Peas",0
2002-07-09,"Britney Spears",0
2002-07-09,"Coldplay",0
2002-07-09,"Don Omar",0
2002-07-09,"Eminem",0
2002-07-09,"Kanye West",0
2002-07-09,"Nickelback",0
2002-07-09,"Rihanna",0
2002-07-09,"Seether",0
2002-07-09,"Shakira",0
2003-11-18,"Black Eyed Peas",0
2003-11-18,"Britney Spears",0
2003-11-18,"Coldplay",0
2003-11-18,"Don Omar",0
2003-11-18,"Eminem",0
2003-11-18,"Kanye West",0
2003-11-18,"Nickelback",0
2003-11-18,"Rihanna",0
2003-11-18,"Seether",0
2003-11-18,"Shakira",0
2006-05-09,"Black Eyed Peas",0
2006-05-09,"Britney Spears",0
2006-05-09,"Coldplay",0
2006-05-09,"Don Omar",0
2006-05-09,"Eminem",0
2006-05-09,"Kanye West",0
2006-05-09,"Nickelback",0
2006-05-09,"Rihanna",0
2006-05-09,"Seether",0
2006-05-09,"Shakira",0
2006-04-10,"Black Eyed Peas",0
2006-04-10,"Britney Spears",0
2006-04-10,"Coldplay",0
2006-04-10,"Don Omar",0
2006-04-10,"Eminem",0
2006-04-10,"Kanye West",0
2006-04-10,"Nickelback",0
2006-04-10,"Rihanna",77
2006-04-10,"Seether",0
2006-04-10,"Shakira",0
2008-06-02,"Black Eyed Peas",0
2008-06-02,"Britney Spears",0
2008-06-02,"Coldplay",0
2008-06-02,"Don Omar",0
2008-06-02,"Eminem",0
2008-06-02,"Kanye West",0
2008-06-02,"Nickelback",0
2008-06-02,"Rihanna",81.6666666666667
2008-06-02,"Seether",0
2008-06-02,"Shakira",0
2009-11-20,"Black Eyed Peas",0
2009-11-20,"Britney Spears",0
2009-11-20,"Coldplay",0
2009-11-20,"Don Omar",0
2009-11-20,"Eminem",0
2009-11-20,"Kanye West",0
2009-11-20,"Nickelback",0
2009-11-20,"Rihanna",79
2009-11-20,"Seether",0
2009-11-20,"Shakira",0
2010-03-14,"Black Eyed Peas",0
2010-03-14,"Britney Spears",0
2010-03-14,"Coldplay",0
2010-03-14,"Don Omar",0
2010-03-14,"Eminem",0
2010-03-14,"Kanye West",0
2010-03-14,"Nickelback",0
2010-03-14,"Rihanna",0
2010-03-14,"Seether",0
2010-03-14,"Shakira",0
2001-03-27,"Black Eyed Peas",0
2001-03-27,"Britney Spears",0
2001-03-27,"Coldplay",0
2001-03-27,"Don Omar",0
2001-03-27,"Eminem",0
2001-03-27,"Kanye West",0
2001-03-27,"Nickelback",0
2001-03-27,"Rihanna",0
2001-03-27,"Seether",0
2001-03-27,"Shakira",0
2007-07-03,"Black Eyed Peas",0
2007-07-03,"Britney Spears",0
2007-07-03,"Coldplay",0
2007-07-03,"Don Omar",0
2007-07-03,"Eminem",0
2007-07-03,"Kanye West",0
2007-07-03,"Nickelback",0
2007-07-03,"Rihanna",0
2007-07-03,"Seether",0
2007-07-03,"Shakira",0
2003-08-17,"Black Eyed Peas",0
2003-08-17,"Britney Spears",0
2003-08-17,"Coldplay",0
2003-08-17,"Don Omar",0
2003-08-17,"Eminem",0
2003-08-17,"Kanye West",0
2003-08-17,"Nickelback",0
2003-08-17,"Rihanna",0
2003-08-17,"Seether",0
2003-08-17,"Shakira",0
2007-07-23,"Black Eyed Peas",0
2007-07-23,"Britney Spears",0
2007-07-23,"Coldplay",0
2007-07-23,"Don Omar",0
2007-07-23,"Eminem",0
2007-07-23,"Kanye West",0
2007-07-23,"Nickelback",0
2007-07-23,"Rihanna",0
2007-07-23,"Seether",0
2007-07-23,"Shakira",0
2009-09-07,"Black Eyed Peas",0
2009-09-07,"Britney Spears",0
2009-09-07,"Coldplay",0
2009-09-07,"Don Omar",0
2009-09-07,"Eminem",0
2009-09-07,"Kanye West",0
2009-09-07,"Nickelback",0
2009-09-07,"Rihanna",0
2009-09-07,"Seether",0
2009-09-07,"Shakira",0
2000-08-08,"Black Eyed Peas",0
2000-08-08,"Britney Spears",0
2000-08-08,"Coldplay",0
2000-08-08,"Don Omar",0
2000-08-08,"Eminem",0
2000-08-08,"Kanye West",0
2000-08-08,"Nickelback",0
2000-08-08,"Rihanna",0
2000-08-08,"Seether",0
2000-08-08,"Shakira",0
2001-11-13,"Black Eyed Peas",0
2001-11-13,"Britney Spears",0
2001-11-13,"Coldplay",0
2001-11-13,"Don Omar",0
2001-11-13,"Eminem",0
2001-11-13,"Kanye West",0
2001-11-13,"Nickelback",0
2001-11-13,"Rihanna",0
2001-11-13,"Seether",0
2001-11-13,"Shakira",80
2005-11-28,"Black Eyed Peas",0
2005-11-28,"Britney Spears",0
2005-11-28,"Coldplay",0
2005-11-28,"Don Omar",0
2005-11-28,"Eminem",0
2005-11-28,"Kanye West",0
2005-11-28,"Nickelback",0
2005-11-28,"Rihanna",0
2005-11-28,"Seether",0
2005-11-28,"Shakira",86
2003-05-27,"Black Eyed Peas",0
2003-05-27,"Britney Spears",0
2003-05-27,"Coldplay",0
2003-05-27,"Don Omar",0
2003-05-27,"Eminem",0
2003-05-27,"Kanye West",0
2003-05-27,"Nickelback",0
2003-05-27,"Rihanna",0
2003-05-27,"Seether",0
2003-05-27,"Shakira",0
2008-06-24,"Black Eyed Peas",0
2008-06-24,"Britney Spears",0
2008-06-24,"Coldplay",0
2008-06-24,"Don Omar",0
2008-06-24,"Eminem",0
2008-06-24,"Kanye West",0
2008-06-24,"Nickelback",0
2008-06-24,"Rihanna",0
2008-06-24,"Seether",0
2008-06-24,"Shakira",0
2008-08-20,"Black Eyed Peas",0
2008-08-20,"Britney Spears",0
2008-08-20,"Coldplay",0
2008-08-20,"Don Omar",0
2008-08-20,"Eminem",0
2008-08-20,"Kanye West",0
2008-08-20,"Nickelback",0
2008-08-20,"Rihanna",0
2008-08-20,"Seether",0
2008-08-20,"Shakira",0
2001-11-06,"Black Eyed Peas",0
2001-11-06,"Britney Spears",0
2001-11-06,"Coldplay",0
2001-11-06,"Don Omar",0
2001-11-06,"Eminem",0
2001-11-06,"Kanye West",0
2001-11-06,"Nickelback",0
2001-11-06,"Rihanna",0
2001-11-06,"Seether",0
2001-11-06,"Shakira",0
2001-05-22,"Black Eyed Peas",0
2001-05-22,"Britney Spears",0
2001-05-22,"Coldplay",0
2001-05-22,"Don Omar",0
2001-05-22,"Eminem",0
2001-05-22,"Kanye West",0
2001-05-22,"Nickelback",0
2001-05-22,"Rihanna",0
2001-05-22,"Seether",0
2001-05-22,"Shakira",0
2003-05-13,"Black Eyed Peas",0
2003-05-13,"Britney Spears",0
2003-05-13,"Coldplay",0
2003-05-13,"Don Omar",0
2003-05-13,"Eminem",0
2003-05-13,"Kanye West",0
2003-05-13,"Nickelback",0
2003-05-13,"Rihanna",0
2003-05-13,"Seether",0
2003-05-13,"Shakira",0
2001-09-04,"Black Eyed Peas",0
2001-09-04,"Britney Spears",0
2001-09-04,"Coldplay",0
2001-09-04,"Don Omar",0
2001-09-04,"Eminem",0
2001-09-04,"Kanye West",0
2001-09-04,"Nickelback",0
2001-09-04,"Rihanna",0
2001-09-04,"Seether",0
2001-09-04,"Shakira",0
2005-05-17,"Black Eyed Peas",0
2005-05-17,"Britney Spears",0
2005-05-17,"Coldplay",0
2005-05-17,"Don Omar",0
2005-05-17,"Eminem",0
2005-05-17,"Kanye West",0
2005-05-17,"Nickelback",0
2005-05-17,"Rihanna",0
2005-05-17,"Seether",0
2005-05-17,"Shakira",0
2005-11-22,"Black Eyed Peas",0
2005-11-22,"Britney Spears",0
2005-11-22,"Coldplay",0
2005-11-22,"Don Omar",0
2005-11-22,"Eminem",0
2005-11-22,"Kanye West",0
2005-11-22,"Nickelback",0
2005-11-22,"Rihanna",0
2005-11-22,"Seether",0
2005-11-22,"Shakira",0
2007-06-05,"Black Eyed Peas",0
2007-06-05,"Britney Spears",0
2007-06-05,"Coldplay",0
2007-06-05,"Don Omar",0
2007-06-05,"Eminem",0
2007-06-05,"Kanye West",0
2007-06-05,"Nickelback",0
2007-06-05,"Rihanna",0
2007-06-05,"Seether",0
2007-06-05,"Shakira",0
2008-09-07,"Black Eyed Peas",0
2008-09-07,"Britney Spears",0
2008-09-07,"Coldplay",0
2008-09-07,"Don Omar",0
2008-09-07,"Eminem",0
2008-09-07,"Kanye West",0
2008-09-07,"Nickelback",0
2008-09-07,"Rihanna",0
2008-09-07,"Seether",0
2008-09-07,"Shakira",0
2002-03-26,"Black Eyed Peas",0
2002-03-26,"Britney Spears",0
2002-03-26,"Coldplay",0
2002-03-26,"Don Omar",0
2002-03-26,"Eminem",0
2002-03-26,"Kanye West",0
2002-03-26,"Nickelback",0
2002-03-26,"Rihanna",0
2002-03-26,"Seether",0
2002-03-26,"Shakira",0
2006-04-25,"Black Eyed Peas",0
2006-04-25,"Britney Spears",0
2006-04-25,"Coldplay",0
2006-04-25,"Don Omar",0
2006-04-25,"Eminem",0
2006-04-25,"Kanye West",0
2006-04-25,"Nickelback",0
2006-04-25,"Rihanna",0
2006-04-25,"Seether",0
2006-04-25,"Shakira",0
2005-10-24,"Black Eyed Peas",0
2005-10-24,"Britney Spears",0
2005-10-24,"Coldplay",0
2005-10-24,"Don Omar",0
2005-10-24,"Eminem",0
2005-10-24,"Kanye West",0
2005-10-24,"Nickelback",0
2005-10-24,"Rihanna",0
2005-10-24,"Seether",0
2005-10-24,"Shakira",0
2006-10-24,"Black Eyed Peas",0
2006-10-24,"Britney Spears",0
2006-10-24,"Coldplay",0
2006-10-24,"Don Omar",0
2006-10-24,"Eminem",0
2006-10-24,"Kanye West",0
2006-10-24,"Nickelback",0
2006-10-24,"Rihanna",0
2006-10-24,"Seether",0
2006-10-24,"Shakira",0
2008-11-11,"Black Eyed Peas",0
2008-11-11,"Britney Spears",0
2008-11-11,"Coldplay",0
2008-11-11,"Don Omar",0
2008-11-11,"Eminem",0
2008-11-11,"Kanye West",0
2008-11-11,"Nickelback",0
2008-11-11,"Rihanna",0
2008-11-11,"Seether",0
2008-11-11,"Shakira",0
2010-10-25,"Black Eyed Peas",0
2010-10-25,"Britney Spears",0
2010-10-25,"Coldplay",0
2010-10-25,"Don Omar",0
2010-10-25,"Eminem",0
2010-10-25,"Kanye West",0
2010-10-25,"Nickelback",0
2010-10-25,"Rihanna",0
2010-10-25,"Seether",0
2010-10-25,"Shakira",0
2003-07-01,"Black Eyed Peas",0
2003-07-01,"Britney Spears",0
2003-07-01,"Coldplay",0
2003-07-01,"Don Omar",0
2003-07-01,"Eminem",0
2003-07-01,"Kanye West",0
2003-07-01,"Nickelback",0
2003-07-01,"Rihanna",0
2003-07-01,"Seether",0
2003-07-01,"Shakira",0
2002-10-15,"Black Eyed Peas",0
2002-10-15,"Britney Spears",0
2002-10-15,"Coldplay",0
2002-10-15,"Don Omar",0
2002-10-15,"Eminem",0
2002-10-15,"Kanye West",0
2002-10-15,"Nickelback",0
2002-10-15,"Rihanna",0
2002-10-15,"Seether",0
2002-10-15,"Shakira",0
2000-11-13,"Black Eyed Peas",0
2000-11-13,"Britney Spears",0
2000-11-13,"Coldplay",0
2000-11-13,"Don Omar",0
2000-11-13,"Eminem",0
2000-11-13,"Kanye West",0
2000-11-13,"Nickelback",0
2000-11-13,"Rihanna",0
2000-11-13,"Seether",0
2000-11-13,"Shakira",0
2005-09-13,"Black Eyed Peas",0
2005-09-13,"Britney Spears",0
2005-09-13,"Coldplay",0
2005-09-13,"Don Omar",0
2005-09-13,"Eminem",0
2005-09-13,"Kanye West",0
2005-09-13,"Nickelback",0
2005-09-13,"Rihanna",0
2005-09-13,"Seether",0
2005-09-13,"Shakira",0
2009-02-02,"Black Eyed Peas",0
2009-02-02,"Britney Spears",0
2009-02-02,"Coldplay",0
2009-02-02,"Don Omar",0
2009-02-02,"Eminem",0
2009-02-02,"Kanye West",0
2009-02-02,"Nickelback",0
2009-02-02,"Rihanna",0
2009-02-02,"Seether",0
2009-02-02,"Shakira",0
2006-09-27,"Black Eyed Peas",0
2006-09-27,"Britney Spears",0
2006-09-27,"Coldplay",0
2006-09-27,"Don Omar",0
2006-09-27,"Eminem",0
2006-09-27,"Kanye West",0
2006-09-27,"Nickelback",0
2006-09-27,"Rihanna",0
2006-09-27,"Seether",0
2006-09-27,"Shakira",0
2000-11-14,"Black Eyed Peas",0
2000-11-14,"Britney Spears",0
2000-11-14,"Coldplay",0
2000-11-14,"Don Omar",0
2000-11-14,"Eminem",0
2000-11-14,"Kanye West",0
2000-11-14,"Nickelback",0
2000-11-14,"Rihanna",0
2000-11-14,"Seether",0
2000-11-14,"Shakira",0
2001-07-30,"Black Eyed Peas",0
2001-07-30,"Britney Spears",0
2001-07-30,"Coldplay",0
2001-07-30,"Don Omar",0
2001-07-30,"Eminem",0
2001-07-30,"Kanye West",0
2001-07-30,"Nickelback",0
2001-07-30,"Rihanna",0
2001-07-30,"Seether",0
2001-07-30,"Shakira",0
2003-10-28,"Black Eyed Peas",0
2003-10-28,"Britney Spears",0
2003-10-28,"Coldplay",0
2003-10-28,"Don Omar",0
2003-10-28,"Eminem",0
2003-10-28,"Kanye West",0
2003-10-28,"Nickelback",0
2003-10-28,"Rihanna",0
2003-10-28,"Seether",0
2003-10-28,"Shakira",0
2001-07-03,"Black Eyed Peas",0
2001-07-03,"Britney Spears",0
2001-07-03,"Coldplay",0
2001-07-03,"Don Omar",0
2001-07-03,"Eminem",0
2001-07-03,"Kanye West",0
2001-07-03,"Nickelback",0
2001-07-03,"Rihanna",0
2001-07-03,"Seether",0
2001-07-03,"Shakira",0
2003-04-01,"Black Eyed Peas",0
2003-04-01,"Britney Spears",0
2003-04-01,"Coldplay",0
2003-04-01,"Don Omar",0
2003-04-01,"Eminem",0
2003-04-01,"Kanye West",0
2003-04-01,"Nickelback",0
2003-04-01,"Rihanna",0
2003-04-01,"Seether",0
2003-04-01,"Shakira",0
2003-04-19,"Black Eyed Peas",0
2003-04-19,"Britney Spears",0
2003-04-19,"Coldplay",0
2003-04-19,"Don Omar",0
2003-04-19,"Eminem",0
2003-04-19,"Kanye West",0
2003-04-19,"Nickelback",0
2003-04-19,"Rihanna",0
2003-04-19,"Seether",0
2003-04-19,"Shakira",0
2003-07-22,"Black Eyed Peas",0
2003-07-22,"Britney Spears",0
2003-07-22,"Coldplay",0
2003-07-22,"Don Omar",0
2003-07-22,"Eminem",0
2003-07-22,"Kanye West",0
2003-07-22,"Nickelback",0
2003-07-22,"Rihanna",0
2003-07-22,"Seether",0
2003-07-22,"Shakira",0
2006-06-25,"Black Eyed Peas",0
2006-06-25,"Britney Spears",0
2006-06-25,"Coldplay",0
2006-06-25,"Don Omar",0
2006-06-25,"Eminem",0
2006-06-25,"Kanye West",0
2006-06-25,"Nickelback",0
2006-06-25,"Rihanna",0
2006-06-25,"Seether",0
2006-06-25,"Shakira",0
2004-08-17,"Black Eyed Peas",0
2004-08-17,"Britney Spears",0
2004-08-17,"Coldplay",0
2004-08-17,"Don Omar",0
2004-08-17,"Eminem",0
2004-08-17,"Kanye West",0
2004-08-17,"Nickelback",0
2004-08-17,"Rihanna",0
2004-08-17,"Seether",0
2004-08-17,"Shakira",0
2008-05-20,"Black Eyed Peas",0
2008-05-20,"Britney Spears",0
2008-05-20,"Coldplay",0
2008-05-20,"Don Omar",0
2008-05-20,"Eminem",0
2008-05-20,"Kanye West",0
2008-05-20,"Nickelback",0
2008-05-20,"Rihanna",0
2008-05-20,"Seether",0
2008-05-20,"Shakira",0
2001-05-15,"Black Eyed Peas",0
2001-05-15,"Britney Spears",0
2001-05-15,"Coldplay",0
2001-05-15,"Don Omar",0
2001-05-15,"Eminem",0
2001-05-15,"Kanye West",0
2001-05-15,"Nickelback",0
2001-05-15,"Rihanna",0
2001-05-15,"Seether",0
2001-05-15,"Shakira",0
2010-12-01,"Black Eyed Peas",0
2010-12-01,"Britney Spears",0
2010-12-01,"Coldplay",0
2010-12-01,"Don Omar",0
2010-12-01,"Eminem",0
2010-12-01,"Kanye West",0
2010-12-01,"Nickelback",0
2010-12-01,"Rihanna",0
2010-12-01,"Seether",0
2010-12-01,"Shakira",0
2002-11-05,"Black Eyed Peas",0
2002-11-05,"Britney Spears",0
2002-11-05,"Coldplay",0
2002-11-05,"Don Omar",0
2002-11-05,"Eminem",0
2002-11-05,"Kanye West",0
2002-11-05,"Nickelback",0
2002-11-05,"Rihanna",0
2002-11-05,"Seether",0
2002-11-05,"Shakira",0
2010-09-14,"Black Eyed Peas",0
2010-09-14,"Britney Spears",0
2010-09-14,"Coldplay",0
2010-09-14,"Don Omar",0
2010-09-14,"Eminem",0
2010-09-14,"Kanye West",0
2010-09-14,"Nickelback",0
2010-09-14,"Rihanna",0
2010-09-14,"Seether",0
2010-09-14,"Shakira",0
2004-01-27,"Black Eyed Peas",0
2004-01-27,"Britney Spears",0
2004-01-27,"Coldplay",0
2004-01-27,"Don Omar",0
2004-01-27,"Eminem",0
2004-01-27,"Kanye West",0
2004-01-27,"Nickelback",0
2004-01-27,"Rihanna",0
2004-01-27,"Seether",0
2004-01-27,"Shakira",0
2010-02-17,"Black Eyed Peas",0
2010-02-17,"Britney Spears",0
2010-02-17,"Coldplay",0
2010-02-17,"Don Omar",0
2010-02-17,"Eminem",0
2010-02-17,"Kanye West",0
2010-02-17,"Nickelback",0
2010-02-17,"Rihanna",0
2010-02-17,"Seether",0
2010-02-17,"Shakira",0
2000-06-13,"Black Eyed Peas",0
2000-06-13,"Britney Spears",0
2000-06-13,"Coldplay",0
2000-06-13,"Don Omar",0
2000-06-13,"Eminem",0
2000-06-13,"Kanye West",0
2000-06-13,"Nickelback",0
2000-06-13,"Rihanna",0
2000-06-13,"Seether",0
2000-06-13,"Shakira",0
2001-08-07,"Black Eyed Peas",0
2001-08-07,"Britney Spears",0
2001-08-07,"Coldplay",0
2001-08-07,"Don Omar",0
2001-08-07,"Eminem",0
2001-08-07,"Kanye West",0
2001-08-07,"Nickelback",0
2001-08-07,"Rihanna",0
2001-08-07,"Seether",0
2001-08-07,"Shakira",0
2004-03-23,"Black Eyed Peas",0
2004-03-23,"Britney Spears",0
2004-03-23,"Coldplay",0
2004-03-23,"Don Omar",0
2004-03-23,"Eminem",0
2004-03-23,"Kanye West",0
2004-03-23,"Nickelback",0
2004-03-23,"Rihanna",0
2004-03-23,"Seether",0
2004-03-23,"Shakira",0
2010-03-30,"Black Eyed Peas",0
2010-03-30,"Britney Spears",0
2010-03-30,"Coldplay",0
2010-03-30,"Don Omar",0
2010-03-30,"Eminem",0
2010-03-30,"Kanye West",0
2010-03-30,"Nickelback",0
2010-03-30,"Rihanna",0
2010-03-30,"Seether",0
2010-03-30,"Shakira",0
2008-01-29,"Black Eyed Peas",0
2008-01-29,"Britney Spears",0
2008-01-29,"Coldplay",0
2008-01-29,"Don Omar",0
2008-01-29,"Eminem",0
2008-01-29,"Kanye West",0
2008-01-29,"Nickelback",0
2008-01-29,"Rihanna",0
2008-01-29,"Seether",0
2008-01-29,"Shakira",0
2002-04-30,"Black Eyed Peas",0
2002-04-30,"Britney Spears",0
2002-04-30,"Coldplay",0
2002-04-30,"Don Omar",0
2002-04-30,"Eminem",0
2002-04-30,"Kanye West",0
2002-04-30,"Nickelback",0
2002-04-30,"Rihanna",0
2002-04-30,"Seether",0
2002-04-30,"Shakira",0
2010-10-01,"Black Eyed Peas",0
2010-10-01,"Britney Spears",0
2010-10-01,"Coldplay",0
2010-10-01,"Don Omar",0
2010-10-01,"Eminem",0
2010-10-01,"Kanye West",0
2010-10-01,"Nickelback",0
2010-10-01,"Rihanna",0
2010-10-01,"Seether",0
2010-10-01,"Shakira",0
2007-10-07,"Black Eyed Peas",0
2007-10-07,"Britney Spears",0
2007-10-07,"Coldplay",0
2007-10-07,"Don Omar",0
2007-10-07,"Eminem",0
2007-10-07,"Kanye West",0
2007-10-07,"Nickelback",0
2007-10-07,"Rihanna",0
2007-10-07,"Seether",0
2007-10-07,"Shakira",0
2005-05-10,"Black Eyed Peas",0
2005-05-10,"Britney Spears",0
2005-05-10,"Coldplay",0
2005-05-10,"Don Omar",0
2005-05-10,"Eminem",0
2005-05-10,"Kanye West",0
2005-05-10,"Nickelback",0
2005-05-10,"Rihanna",0
2005-05-10,"Seether",0
2005-05-10,"Shakira",0
2000-09-29,"Black Eyed Peas",0
2000-09-29,"Britney Spears",0
2000-09-29,"Coldplay",0
2000-09-29,"Don Omar",0
2000-09-29,"Eminem",0
2000-09-29,"Kanye West",0
2000-09-29,"Nickelback",0
2000-09-29,"Rihanna",0
2000-09-29,"Seether",0
2000-09-29,"Shakira",0
2003-04-29,"Black Eyed Peas",0
2003-04-29,"Britney Spears",0
2003-04-29,"Coldplay",0
2003-04-29,"Don Omar",0
2003-04-29,"Eminem",0
2003-04-29,"Kanye West",0
2003-04-29,"Nickelback",0
2003-04-29,"Rihanna",0
2003-04-29,"Seether",0
2003-04-29,"Shakira",0
2008-11-17,"Black Eyed Peas",0
2008-11-17,"Britney Spears",0
2008-11-17,"Coldplay",0
2008-11-17,"Don Omar",0
2008-11-17,"Eminem",0
2008-11-17,"Kanye West",0
2008-11-17,"Nickelback",0
2008-11-17,"Rihanna",0
2008-11-17,"Seether",0
2008-11-17,"Shakira",0
2010-09-20,"Black Eyed Peas",0
2010-09-20,"Britney Spears",0
2010-09-20,"Coldplay",0
2010-09-20,"Don Omar",0
2010-09-20,"Eminem",0
2010-09-20,"Kanye West",0
2010-09-20,"Nickelback",0
2010-09-20,"Rihanna",0
2010-09-20,"Seether",0
2010-09-20,"Shakira",0
2004-05-04,"Black Eyed Peas",0
2004-05-04,"Britney Spears",0
2004-05-04,"Coldplay",0
2004-05-04,"Don Omar",0
2004-05-04,"Eminem",0
2004-05-04,"Kanye West",0
2004-05-04,"Nickelback",0
2004-05-04,"Rihanna",0
2004-05-04,"Seether",0
2004-05-04,"Shakira",0
